Workbook

Sheet Overview
E1: The Pump Cycle - The Connection Between Crop Circles and Bitcoin
I2: By: Cowboy Dan
C4: There is a clear correlation between the Wiltshire, UK Pi crop circle and bitcoin's cyclical behavior. Both came into form
C5: during the summer of 2008, in the same location. The crop circle can be used as a key to foretell bitcoin's cyclical future.
C6: This mathematical workbook was created to help users understand and decode the deliberate message left for us to find.
C8: Background:
C9: The domain name bitcoin.org was registered on August 18th, 2008. The bitcoin whitepaper was released on October 31st, 2008.
C10: The PI crop circle in Wiltshire, UK was created in June of 2008.
C11: Satoshi was actively developing bitcoin when a mathematical puzzle appeared over England during the same timeframe.
C12: The bitcoin blockchain left users a clue. A note found in the genesis block reads:
F14: “The Times 03/Jan/2009 Chancellor on brink of second bailout for banks.”
C16: Banks all over the world were receiving bailouts during this time period. Why pick a British newspaper report? Perhaps it was a hint,
C17: instructing users exactly where to look for the hidden pattern that foretells bitcoin's cyclical behavior.
C19: In July of 2024 on the What is Money podcast (EP495) entrepreneur Robert Edward Grant informed listeners of the Japanese Kanji
C20: translation of ‘Satoshi Nakamoto’. Kanji are Chinese characters that were introduced to Japan in the 5th century.
C21: In Japanese Kanji, ‘Satoshi Nakamoto’ translates to ‘wisdom from the field’. Maybe we should consider the wisdom found in a
C22: wheat field in the south of England circa June 2008.
C24: I assert whoever or whatever created this agricultural artwork in the south of England in 2008 wanted humanity to discover the true
C25: potential of the number Pi and its relationship to sound money, and perhaps more.
C27: This mathematical model is relatively simple, independently auditable, and uses past cycle data to forecast upcoming cycle lengths.
C28: Its accuracy is eye-opening.
C30: Once you see the pattern, it becomes obvious. The current cycle started on 12/17/2017 and ends on 9/1/2026.
I33: Mathematical formulas
C60: Disclaimer. This workbook is properly classified as #cropcircles and #geometry, not #financialadvice.
C61: The author and publisher of this information disclaim responsibility for any action taken by users.

Sheet Full Cycles
A1: Cycle # | B1: Sections (Pi) | C1: Radius | D1: Duration (days) | E1: Date start | F1: Date end | G1: Key Position | H1: Model (days) | I1: Difference (days)
A2: 1 | B2: 3 | C2: 1 | D2: 210 | E2: 40377 | F2: =E2+D2-1 -> 40586 | G2: 0° to 108° | H2: =(D3/B3)*(C2/C3)*B2 -> 174 | I2: =ABS(H2-D2) -> 36
A3: =A2+1 -> 2 | B3: 1 | C3: 2 | D3: 116 | E3: =F2+1 -> 40587 | F3: =E3+D3-1 -> 40702 | G3: 108° to 144° | H3: =(D2/B2)*(C3/C2)*B3 -> 140 | I3: =ABS(H3-D3) -> 24 | Q3: Current Cycle
A4: =A3+1 -> 3 | B4: 4 | C4: =C3+1 -> 3 | D4: 671 | E4: =F3+1 -> 40703 | F4: =E4+D4-1 -> 41373 | G4: 144° to 288° | H4: =(D3/B3)*(C4/C3)*B4 -> 696 | I4: =ABS(H4-D4) -> 25 | J4: <------ | K4: Completed Cycles | Q4: Start date | T4: =E7 -> 43086
A5: =A4+1 -> 4 | B5: 1 | C5: =C4+1 -> 4 | D5: 239 | E5: =F4+1 -> 41374 | F5: =E5+D5-1 -> 41612 | G5: 288° to 324° | H5: =(D4/B4)*(C5/C4)*B5 -> 223.66667 | I5: =ABS(H5-D5) -> 15.333333 | Q5: Model end date | T5: =F7 -> 46266.68
A6: =A5+1 -> 5 | B6: 5 | C6: =C5+1 -> 5 | D6: 1473 | E6: =F5+1 -> 41613 | F6: =E6+D6-1 -> 43085 | G6: 324° to 504° | H6: =(D5/B5)*(C6/C5)*B6 -> 1493.75 | I6: =ABS(H6-D6) -> 20.75 | Q6: As of | T6: =TODAY() -> 46322
A7: =A6+1 -> 6 | B7: 9 | C7: =C6+1 -> 6 | D7: =(D6/B6)*(C7/C6)*B7 -> 3181.68 | E7: =F6+1 -> 43086 | F7: =E7+D7-1 -> 46266.68 | G7: 504° to 828° | H7: =(D6/B6)*(C7/C6)*B7 -> 3181.68 | I7: TBD | J7: <------ | K7: Current Cycle | Q7: Percent complete | T7: =(T6-T4)/H7 -> 1.0170727
A8: =A7+1 -> 7 | B8: 2 | C8: =C7+1 -> 7 | D8: =(D7/B7)*(C8/C7)*B8 -> 824.88 | E8: =F7+1 -> 46267.68 | F8: =E8+D8-1 -> 47091.56 | G8: 828° to 900° | H8: =(D7/B7)*(C8/C7)*B8 -> 824.88 | Q8: Days left | T8: =T5-T6 -> -55.32
A9: =A8+1 -> 8 | B9: 6 | C9: =C8+1 -> 8 | D9: =(D8/B8)*(C9/C8)*B9 -> 2828.16 | E9: =F8+1 -> 47092.56 | F9: =E9+D9-1 -> 49919.72 | G9: 900° to 1116° | H9: =(D8/B8)*(C9/C8)*B9 -> 2828.16
A10: =A9+1 -> 9 | B10: 5 | C10: =C9+1 -> 9 | D10: =(D9/B9)*(C10/C9)*B10 -> 2651.4 | E10: =F9+1 -> 49920.72 | F10: =E10+D10-1 -> 52571.12 | G10: 1116° to 1296° | H10: =(D9/B9)*(C10/C9)*B10 -> 2651.4 | Q10: Entire model
A11: =A10+1 -> 10 | B11: 3 | C11: =C10+1 -> 10 | D11: =(D10/B10)*(C11/C10)*B11 -> 1767.6 | E11: =F10+1 -> 52572.12 | F11: =E11+D11-1 -> 54338.72 | G11: 1296° to 1404° | H11: =(D10/B10)*(C11/C10)*B11 -> 1767.6 | Q11: Start date | T11: =E2 -> 40377
A12: =A11+1 -> 11 | B12: 5 | C12: =C11+1 -> 11 | D12: =(D11/B11)*(C12/C11)*B12 -> 3240.6 | E12: =F11+1 -> 54339.72 | F12: =E12+D12-1 -> 57579.32 | G12: 1404° to 1584° | H12: =(D11/B11)*(C12/C11)*B12 -> 3240.6 | Q12: End date | T12: =F32 -> 188263.88
A13: =A12+1 -> 12 | B13: 8 | C13: =C12+1 -> 12 | D13: =(D12/B12)*(C13/C12)*B13 -> 5656.32 | E13: =F12+1 -> 57580.32 | F13: =E13+D13-1 -> 63235.64 | G13: 1584° to 1872° | H13: =(D12/B12)*(C13/C12)*B13 -> 5656.32 | Q13: As of | T13: =TODAY() -> 46322
A14: =A13+1 -> 13 | B14: 9 | C14: =C13+1 -> 13 | D14: =(D13/B13)*(C14/C13)*B14 -> 6893.64 | E14: =F13+1 -> 63236.64 | F14: =E14+D14-1 -> 70129.28 | G14: 1872° to 2196° | H14: =(D13/B13)*(C14/C13)*B14 -> 6893.64 | Q14: Percent complete | T14: =(T13-T11)/SUM(D2:D33) -> 0.037790401
A15: =A14+1 -> 14 | B15: 7 | C15: =C14+1 -> 14 | D15: =(D14/B14)*(C15/C14)*B15 -> 5774.16 | E15: =F14+1 -> 70130.28 | F15: =E15+D15-1 -> 75903.44 | G15: 2196° to 2448° | H15: =(D14/B14)*(C15/C14)*B15 -> 5774.16
A16: =A15+1 -> 15 | B16: 9 | C16: =C15+1 -> 15 | D16: =(D15/B15)*(C16/C15)*B16 -> 7954.2 | E16: =F15+1 -> 75904.44 | F16: =E16+D16-1 -> 83857.64 | G16: 2448° to 2772° | H16: =(D15/B15)*(C16/C15)*B16 -> 7954.2
A17: =A16+1 -> 16 | B17: 3 | C17: =C16+1 -> 16 | D17: =(D16/B16)*(C17/C16)*B17 -> 2828.16 | E17: =F16+1 -> 83858.64 | F17: =E17+D17-1 -> 86685.8 | G17: 2772° to 2880° | H17: =(D16/B16)*(C17/C16)*B17 -> 2828.16
A18: =A17+1 -> 17 | B18: 2 | C18: =C17+1 -> 17 | D18: =(D17/B17)*(C18/C17)*B18 -> 2003.28 | E18: =F17+1 -> 86686.8 | F18: =E18+D18-1 -> 88689.08 | G18: 2880° to 2952° | H18: =(D17/B17)*(C18/C17)*B18 -> 2003.28
A19: =A18+1 -> 18 | B19: 3 | C19: =C18+1 -> 18 | D19: =(D18/B18)*(C19/C18)*B19 -> 3181.68 | E19: =F18+1 -> 88690.08 | F19: =E19+D19-1 -> 91870.76 | G19: 2952° to 3060° | H19: =(D18/B18)*(C19/C18)*B19 -> 3181.68
A20: =A19+1 -> 19 | B20: 8 | C20: =C19+1 -> 19 | D20: =(D19/B19)*(C20/C19)*B20 -> 8955.84 | E20: =F19+1 -> 91871.76 | F20: =E20+D20-1 -> 100826.6 | G20: 3060° to 3348° | H20: =(D19/B19)*(C20/C19)*B20 -> 8955.84
A21: =A20+1 -> 20 | B21: 4 | C21: =C20+1 -> 20 | D21: =(D20/B20)*(C21/C20)*B21 -> 4713.6 | E21: =F20+1 -> 100827.6 | F21: =E21+D21-1 -> 105540.2 | G21: 3348° to 3492° | H21: =(D20/B20)*(C21/C20)*B21 -> 4713.6 | K21: Position each cycle on the key above according to Column G. Use the corresponding Radius and Sections attributes as input into the formulas below.
A22: =A21+1 -> 21 | B22: 6 | C22: =C21+1 -> 21 | D22: =(D21/B21)*(C22/C21)*B22 -> 7423.92 | E22: =F21+1 -> 105541.2 | F22: =E22+D22-1 -> 112964.12 | G22: 3492° to 3078° | H22: =(D21/B21)*(C22/C21)*B22 -> 7423.92 | K22: The spiral is segmented into ten 36° Sections which represent the decimal value of the number Pi. See Column B.
A23: =A22+1 -> 22 | B23: 2 | C23: =C22+1 -> 22 | D23: =(D22/B22)*(C23/C22)*B23 -> 2592.48 | E23: =F22+1 -> 112965.12 | F23: =E23+D23-1 -> 115556.6 | G23: 3708° to 3780° | H23: =(D22/B22)*(C23/C22)*B23 -> 2592.48
A24: =A23+1 -> 23 | B24: 6 | C24: =C23+1 -> 23 | D24: =(D23/B23)*(C24/C23)*B24 -> 8130.96 | E24: =F23+1 -> 115557.6 | F24: =E24+D24-1 -> 123687.56 | G24: 3780° to 3996° | H24: =(D23/B23)*(C24/C23)*B24 -> 8130.96 | M24: Model Formulas - Column H
A25: =A24+1 -> 24 | B25: 4 | C25: =C24+1 -> 24 | D25: =(D24/B24)*(C25/C24)*B25 -> 5656.32 | E25: =F24+1 -> 123688.56 | F25: =E25+D25-1 -> 129343.88 | G25: 3996° to 4140° | H25: =(D24/B24)*(C25/C24)*B25 -> 5656.32
A26: =A25+1 -> 25 | B26: 3 | C26: =C25+1 -> 25 | D26: =(D25/B25)*(C26/C25)*B26 -> 4419 | E26: =F25+1 -> 129344.88 | F26: =E26+D26-1 -> 133762.88 | G26: 4140° to 4248° | H26: =(D25/B25)*(C26/C25)*B26 -> 4419
A27: =A26+1 -> 26 | B27: 3 | C27: =C26+1 -> 26 | D27: =(D26/B26)*(C27/C26)*B27 -> 4595.76 | E27: =F26+1 -> 133763.88 | F27: =E27+D27-1 -> 138358.64 | G27: 4248° to 4356° | H27: =(D26/B26)*(C27/C26)*B27 -> 4595.76
A28: =A27+1 -> 27 | B28: 8 | C28: =C27+1 -> 27 | D28: =(D27/B27)*(C28/C27)*B28 -> 12726.72 | E28: =F27+1 -> 138359.64 | F28: =E28+D28-1 -> 151085.36 | G28: 4356° to 4644° | H28: =(D27/B27)*(C28/C27)*B28 -> 12726.72
A29: =A28+1 -> 28 | B29: 3 | C29: =C28+1 -> 28 | D29: =(D28/B28)*(C29/C28)*B29 -> 4949.28 | E29: =F28+1 -> 151086.36 | F29: =E29+D29-1 -> 156034.64 | G29: 4644° to 4752° | H29: =(D28/B28)*(C29/C28)*B29 -> 4949.28
A30: =A29+1 -> 29 | B30: 2 | C30: =C29+1 -> 29 | D30: =(D29/B29)*(C30/C29)*B30 -> 3417.36 | E30: =F29+1 -> 156035.64 | F30: =E30+D30-1 -> 159452 | G30: 4752° to 4824° | H30: =(D29/B29)*(C30/C29)*B30 -> 3417.36
A31: =A30+1 -> 30 | B31: 7 | C31: =C30+1 -> 30 | D31: =(D30/B30)*(C31/C30)*B31 -> 12373.2 | E31: =F30+1 -> 159453 | F31: =E31+D31-1 -> 171825.2 | G31: 4824° to 5076° | H31: =(D30/B30)*(C31/C30)*B31 -> 12373.2
A32: =A31+1 -> 31 | B32: 9 | C32: =C31+1 -> 31 | D32: =(D31/B31)*(C32/C31)*B32 -> 16438.68 | E32: =F31+1 -> 171826.2 | F32: =E32+D32-1 -> 188263.88 | G32: 5076° to 5400° | H32: =(D31/B31)*(C32/C31)*B32 -> 16438.68
A33: =A32+1 -> 32 | B33: 5 | C33: =C32+1 -> 32 | D33: =(D32/B32)*(C33/C32)*B33 -> 9427.2 | E33: =F32+1 -> 188264.88 | F33: =E33+D33-1 -> 197691.08 | G33: 5400° to 5580° | H33: =(D32/B32)*(C33/C32)*B33 -> 9427.2
A34: end | B34: 0 | C34: - | D34: - | E34: - | F34: - | G34: - | H34: -

Sheet Full Cycle Chart
A1: Date | B1: BTC / Price, USD | C1: ln(price)
A2: 2010-07-18 | B2: 0.08584 | C2: =LN(B2) -> -2.4552702
A3: 2010-07-19 | B3: 0.0808 | C3: =LN(B3) -> -2.5157783
A4: 2010-07-20 | B4: 0.074735729 | C4: =LN(B4) -> -2.593797
A5: 2010-07-21 | B5: 0.079192863 | C5: =LN(B5) -> -2.5358691
A6: 2010-07-22 | B6: 0.05846976 | C6: =LN(B6) -> -2.8392456
A7: 2010-07-23 | B7: 0.06059287 | C7: =LN(B7) -> -2.8035781
A8: 2010-07-24 | B8: 0.05454 | C8: =LN(B8) -> -2.9088209
A9: 2010-07-25 | B9: 0.050540618 | C9: =LN(B9) -> -2.9849779
A10: 2010-07-26 | B10: 0.056 | C10: =LN(B10) -> -2.8824036
A11: 2010-07-27 | B11: 0.058622016 | C11: =LN(B11) -> -2.8366449
A12: 2010-07-28 | B12: 0.058911099 | C12: =LN(B12) -> -2.8317258
A13: 2010-07-29 | B13: 0.0699 | C13: =LN(B13) -> -2.6606896
... A27: 2010-08-12 | B27: 0.07 | C27: =LN(B27) -> -2.65926
A28: 2010-08-13 | B28: 0.0645 | C28: =LN(B28) -> -2.7410901 | N28: Full Cycle End Dates
A29: 2010-08-14 | B29: 0.066996434 | C29: =LN(B29) -> -2.7031159 | K29: Full Cycles end at blow-off top peaks as seen on the chart. Price data from coinmetrics.io
A30: 2010-08-15 | B30: 0.065117932 | C30: =LN(B30) -> -2.7315553
A31: 2010-08-16 | B31: 0.0655 | C31: =LN(B31) -> -2.7257051 | I31: Actual | J31: Model | K31: Difference | N31: Actual | O31: Model | P31: Difference | S31: Actual | T31: Model | U31: Difference
A32: 2010-08-17 | B32: 0.07 | C32: =LN(B32) -> -2.65926 | H32: Purple (1) | I32: ='Full Cycles'!F2 -> 40586 | J32: ='Full Cycles'!E2+'Full Cycles'!H2 -> 40551 | K32: =ABS(J32-I32)+1 -> 36 | M32: Dark Blue (3) | N32: ='Full Cycles'!F4 -> 41373 | O32: ='Full Cycles'!F3+'Full Cycles'!H4 -> 41398 | P32: =ABS(O32-N32) -> 25 | R32: Turquoise (5) | S32: ='Full Cycles'!F6 -> 43085 | T32: ='Full Cycles'!F5+'Full Cycles'!H6 -> 43105.75 | U32: =ABS(T32-S32) -> 20.75
A33: 2010-08-18 | B33: 0.068 | C33: =LN(B33) -> -2.6882476 | H33: Orange (2) | I33: ='Full Cycles'!F3 -> 40702 | J33: ='Full Cycles'!F2+'Full Cycles'!H3 -> 40726 | K33: =ABS(J33-I33) -> 24 | M33: Brown (4) | N33: ='Full Cycles'!F5 -> 41612 | O33: ='Full Cycles'!F4+'Full Cycles'!H5 -> 41596.667 | P33: =ABS(O33-N33) -> 15.333333 | R33: Green (6) | S33: TBD | T33: ='Full Cycles'!F6+'Full Cycles'!D7 -> 46266.68 | U33: TBD | V33: <----- Current Cycle
A34: 2010-08-19 | B34: 0.0667 | C34: =LN(B34) -> -2.7075503
A35: 2010-08-20 | B35: 0.0655 | C35: =LN(B35) -> -2.7257051
A36: 2010-08-21 | B36: 0.0664 | C36: =LN(B36) -> -2.7120582
A37: 2010-08-22 | B37: 0.065928989 | C37: =LN(B37) -> -2.719177
A38: 2010-08-23 | B38: 0.06491 | C38: =LN(B38) -> -2.7347536
A39: 2010-08-24 | B39: 0.065 | C39: =LN(B39) -> -2.733368
A40: 2010-08-25 | B40: 0.0648 | C40: =LN(B40) -> -2.7364497
A41: 2010-08-26 | B41: 0.064075114 | C41: =LN(B41) -> -2.7476992
A42: 2010-08-27 | B42: 0.065 | C42: =LN(B42) -> -2.733368
A43: 2010-08-28 | B43: 0.0646 | C43: =LN(B43) -> -2.7395409
A44: 2010-08-29 | B44: 0.064 | C44: =LN(B44) -> -2.7488722
A45: 2010-08-30 | B45: 0.06497 | C45: =LN(B45) -> -2.7338297
... A5947: 2026-10-27 | B5947: 80800.537 | C5947: =LN(B5947) -> 11.299739

Sheet Mid-Cycles
A1: Cycle # | B1: Sections | C1: Radius | D1: Duration (days) | E1: Date start | F1: Date end | G1: Key Position | H1: Model (days) | I1: Difference (days)
A2: 5a | B2: 1 | C2: 5 | D2: 305 | E2: 41613 | F2: =E2+D2-1 -> 41917 | G2: 324° to 360° | H2: =('Full Cycles'!D5/'Full Cycles'!B5)*(C2/'Full Cycles'!C5)*B2 -> 298.75 | I2: =ABS(H2-D2) -> 6.25 | N2: Completed Mid-Cycle Events
A3: 5b | B3: 3 | C3: 5 | D3: 880 | E3: =F2+1 -> 41918 | F3: =E3+D3-1 -> 42797 | G3: 360° to 468° | H3: =(D2/B2)*(C3/C2)*B3 -> 915 | I3: =ABS(H3-D3) -> 35
A4: 5c | B4: 1 | C4: 5 | D4: 288 | E4: =F3+1 -> 42798 | F4: =E4+D4-1 -> 43085 | G4: 468° to 504° | H4: =(D3/B3)*(C4/C3)*B4 -> 293.33333 | I4: =ABS(H4-D4) -> 5.3333333 | J4: <------ | K4: Completed Mid-Cycles | N4: 5a ends in the bearwhale collapse that sets a local low
A5: 6a | B5: 4 | C5: 6 | D5: 1423 | E5: =F4+1 -> 43086 | F5: =E5+D5-1 -> 44508 | G5: 504° to 648° | H5: =(D4/B4)*(C5/C4)*B5 -> 1382.4 | I5: =ABS(H5-D5) -> 40.6 | N5: 5b set a new all time high in March 2017
A6: 6b | B6: 1 | C6: 6 | D6: 366 | E6: =F5+1 -> 44509 | F6: =E6+D6-1 -> 44874 | G6: 648° to 684° | H6: =(D5/B5)*(C6/C5)*B6 -> 355.75 | I6: =ABS(H6-D6) -> 10.25 | N6: 5c ends both the mid-cycle as well as the full cycle at a new all time high
A7: 6C | B7: 4 | C7: 6 | D7: =((D6)/(B6))*(C7/C6)*B7 -> 1464 | E7: =F6+1 -> 44875 | F7: =E7+D7 -> 46339 | G7: 684° to 828° | H7: =(D6/B6)*(C7/C6)*B7 -> 1464 | I7: TBD | J7: <------ | K7: Current Mid-Cycle
A8: 7a | B8: 1 | C8: 7 | D8: =(D7/B7)*(C8/C7)*B8 -> 427 | E8: =F7+1 -> 46340 | F8: =E8+D8 -> 46767 | G8: 828° to 864° | H8: =(D7/B7)*(C8/C7)*B8 -> 427 | I8: TBD
A9: 7b | B9: 1 | C9: 7 | D9: =(D8/B8)*(C9/C8)*B9 -> 427 | E9: =F8+1 -> 46768 | F9: =E9+D9 -> 47195 | G9: 864° tp 900° | H9: =(D8/B8)*(C9/C8)*B9 -> 427 | I9: TBD
A10: 9a | B10: 2 | C10: 9 | D10: TBD | E10: TBD | F10: TBD | G10: 1116° to 1188° | H10: TBD | I10: TBD | N10: 6a set a new all time high in November of 2021
A11: 9b | B11: 2 | C11: 9 | D11: TBD | E11: TBD | F11: TBD | G11: 1188° to 1260° | H11: TBD | I11: TBD | N11: 6b ends in the FTX collapse of November 2022
A12: Remaining mid-cycles not shown
J19: Mid-Cycles occur when the current cycle aligns with a past radius increase from the prior full 360° revolution.
J20: Position each cycle on the key according to Column G. Not all cycles contain Mid-Cycles.
M22: Model Formulas - Column H

Sheet Mid-Cycle Chart
A1: Date | B1: BTC / Price, USD | C1: ln(price)
A2: 2010-07-18 | B2: 0.08584 | C2: =LN(B2) -> -2.4552702
A3: 2010-07-19 | B3: 0.0808 | C3: =LN(B3) -> -2.5157783
A4: 2010-07-20 | B4: 0.074735729 | C4: =LN(B4) -> -2.593797
A5: 2010-07-21 | B5: 0.079192863 | C5: =LN(B5) -> -2.5358691
A6: 2010-07-22 | B6: 0.05846976 | C6: =LN(B6) -> -2.8392456
A7: 2010-07-23 | B7: 0.06059287 | C7: =LN(B7) -> -2.8035781
A8: 2010-07-24 | B8: 0.05454 | C8: =LN(B8) -> -2.9088209
A9: 2010-07-25 | B9: 0.050540618 | C9: =LN(B9) -> -2.9849779
A10: 2010-07-26 | B10: 0.056 | C10: =LN(B10) -> -2.8824036
A11: 2010-07-27 | B11: 0.058622016 | C11: =LN(B11) -> -2.8366449
A12: 2010-07-28 | B12: 0.058911099 | C12: =LN(B12) -> -2.8317258
A13: 2010-07-29 | B13: 0.0699 | C13: =LN(B13) -> -2.6606896
... A27: 2010-08-12 | B27: 0.07 | C27: =LN(B27) -> -2.65926
A28: 2010-08-13 | B28: 0.0645 | C28: =LN(B28) -> -2.7410901 | N28: Mid-Cycle End Dates
A29: 2010-08-14 | B29: 0.066996434 | C29: =LN(B29) -> -2.7031159 | H29: Mid-Cycles end at either a local low or a new all time high. Price data from coinmetrics.io
A30: 2010-08-15 | B30: 0.065117932 | C30: =LN(B30) -> -2.7315553
A31: 2010-08-16 | B31: 0.0655 | C31: =LN(B31) -> -2.7257051 | I31: Actual | J31: Model | K31: Difference | N31: Actual | O31: Model | P31: Difference | S31: Actual | T31: Model | U31: Difference
A32: 2010-08-17 | B32: 0.07 | C32: =LN(B32) -> -2.65926 | H32: Red (5a) | I32: ='Mid-Cycles'!F2 -> 41917 | J32: ='Mid-Cycles'!E2+'Mid-Cycles'!H2 -> 41911.75 | K32: =ABS(J32-I32)+1 -> 6.25 | M32: Yellow (5c) | N32: ='Mid-Cycles'!F4 -> 43085 | O32: ='Mid-Cycles'!F3+'Mid-Cycles'!H4 -> 43090.333 | P32: =ABS(O32-N32) -> 5.3333333 | R32: Pink (6b) | S32: ='Mid-Cycles'!F6 -> 44874 | T32: ='Mid-Cycles'!F5+'Mid-Cycles'!H6 -> 44863.75 | U32: =ABS(T32-S32) -> 10.25
A33: 2010-08-18 | B33: 0.068 | C33: =LN(B33) -> -2.6882476 | H33: Purple (5b) | I33: ='Mid-Cycles'!F3 -> 42797 | J33: ='Mid-Cycles'!F2+'Mid-Cycles'!H3 -> 42832 | K33: =ABS(J33-I33) -> 35 | M33: Orange (6a) | N33: ='Mid-Cycles'!F5 -> 44508 | O33: ='Mid-Cycles'!F4+'Mid-Cycles'!H5 -> 44467.4 | P33: =ABS(O33-N33) -> 40.6 | R33: Green (6c) | S33: TBD | T33: ='Mid-Cycles'!F7 -> 46339 | U33: TBD
A34: 2010-08-19 | B34: 0.0667 | C34: =LN(B34) -> -2.7075503
A35: 2010-08-20 | B35: 0.0655 | C35: =LN(B35) -> -2.7257051
A36: 2010-08-21 | B36: 0.0664 | C36: =LN(B36) -> -2.7120582
A37: 2010-08-22 | B37: 0.065928989 | C37: =LN(B37) -> -2.719177
A38: 2010-08-23 | B38: 0.06491 | C38: =LN(B38) -> -2.7347536
A39: 2010-08-24 | B39: 0.065 | C39: =LN(B39) -> -2.733368
A40: 2010-08-25 | B40: 0.0648 | C40: =LN(B40) -> -2.7364497
A41: 2010-08-26 | B41: 0.064075114 | C41: =LN(B41) -> -2.7476992
A42: 2010-08-27 | B42: 0.065 | C42: =LN(B42) -> -2.733368
A43: 2010-08-28 | B43: 0.0646 | C43: =LN(B43) -> -2.7395409
A44: 2010-08-29 | B44: 0.064 | C44: =LN(B44) -> -2.7488722
A45: 2010-08-30 | B45: 0.06497 | C45: =LN(B45) -> -2.7338297
... A5947: 2026-10-27 | B5947: 80800.537 | C5947: =LN(B5947) -> 11.299739
